id,realm,material_type,author_inified,title_en,edition,language,translator,paratext_en,editor,illustrator,cover_desing_en,city_en,publisher_en,year
5,RU,Book,Lydia Chukovskaya,Opustelyi dom,,Russian,,,,,Yuri Annenkov,Paris,Librairie des Cinq Continents,1965
6,RU,Book,Anna Akhmatova,Requiem,,Russian,,,,,,Munich,Tovarishchestvo zarubezhnykh pisatelei,1963
7,RU,Book,Varlam Shalamov,Kolymskie rasskazy Kolyma Tales,,Russian,,Foreword by: Mikhail Geller,,,,London,Overseas Publications Interchange,1978
8,RU,Book,Vasily Grossman,Zhizn i sudba,,Russian,,Preface by: Efim Etkind,,,,Lausanne,L'Age d'Homme,1980
9,RU,Book,Venedikt Yerofeyev,Moskva - Petushki,,Russian,,,,,,Paris,YMCA-Press,1977
10,RU,Book,Varlam Shalamov,Voskreshenie listvennitsy Resurrection of the Larch,,Russian,,Foreword by: Mikhail Geller,,,,Paris,YMCA-Press,1985
11,RU,Book,Alexander Galich,Pesni,,Russian,,,,,,Frankfurt am Main,Possev,1969
12,RU,Book,Lydia Chukovskaya,Spusk pod vodu,,Russian,,,,,,New York,Izdatel'stvo imeni Chekhova,1972
13,RU,Book,Joseph Brodsky,Stikhotvoreniia i poemy,,Russian,,Foreword by: Georgy Stukov; Gleb Struve,,,,Washington D.C.,Inter-Language Literary Associates,1965
14,RU,Book,Joseph Brodsky,Ostanovka v pustyne,,Russian,,,,,,New York,Izdatel'stvo imeni Chekhova,1970
15,RU,Book,Aleksandr Solzhenitsyn,Rakovyi korpus (Cancer Ward),,Russian,,,,,Yuri Annenkov,Paris,YMCA-Press,1968
16,RU,Book,Andrei Sinyavsky,Fantasticheskii mir Abrama Tertsa,,Russian,,Introduction by: Boris Filippov,,,Nikolai Safonov,Washington D.C.,Inter-Language Literary Associates,1967
17,RU,Book,Natalya Gorbanevskaya,Stikhi,,Russian,,,,,,Frankfurt am Main,Possev,1969
18,RU,Book,Vasily Grossman,Vse techet,,Russian,,,,,Nikolai Nikolenko,Frankfurt am Main,Posev,1970
20,RU,Book,Lydia Chukovskaya,Otkrytoe slovo,,Russian,,,,,,New York,Khronika,1976
21,RU,Book,Lydia Chukovskaya,Po etu storonu smerti (iz dnevnika 1936-1976),,Russian,,,,,,Paris,YMCA-Press,1978
22,RU,Book,Lydia Chukovskaya,Protsess iskliucheniia (ocherk literaturnykh nravov),,Russian,,,,,Arcady,Paris,YMCA-Press,1979
23,RU,Book,Lydia Chukovskaya,"Notes on Anna Akhmatova, Vol, 1, 1938-1941",,Russian,,,,,,Paris,YMCA-Press,1976
24,RU,Book,Lydia Chukovskaya,"Notes on Anna Akhmatova, Vol, 2, 1952-1962",,Russian,,,,,,Paris,YMCA-Press,1980
25,RU,Book,Alexander Galich,General'naia repetitsiia,,Russian,,,,,,Frankfurt am Main,Possev,1974
26,RU,Book,Alexander Galich,Pokolenie obrechennykh,,Russian,,,,,,Frankfurt am Main,Possev,1974
27,RU,Book,Yevgenia Ginzburg,Krutoi marshrut,,Russian,,,,,,Milan,Mondadori,1967
28,RU,Book,Yevgenia Ginzburg,"Krutoi marshrut, Vol. 2",,Russian,,,,,,Milan,Mondadori,1979
29,RU,Book,Natalya Gorbanevskaya,Polden,,Russian,,,,,,Frankfurt am Main,Possev,1970
30,RU,Book,Natalya Gorbanevskaya,Poberezhe. Stikhi,,Russian,,,,,,Ann Arbor,Ardis,1973
31,RU,Book,Yuli Daniel,Govorit Moskva. Povest i rasskazy,,Russian,,Introduction and afterword by: Boris Filippov,,,Nikolai Safonov,Washington D.C.,Inter-Language Literary Associates,1966
32,RU,Book,Yuli Daniel,Iskuplenie,,Russian,,Introduction by: Boris Filippov,,,,Washington D.C.,Inter-Language Literary Associates,1964
33,RU,Book,Yuli Daniel,Ruki. Chelovek iz MINAPa,,Russian,,Introduction by: Boris Filippov,,,,Washington D.C.,Boris Filippov,1963
34,RU,Book,Yuli Daniel,Govorit Moskva,,Russian,,Introduction by: Boris Filippov,,,,Washington D.C.,Boris Filippov,1962
35,RU,Book,,Sinyavsky i Daniel' na skam'e podsudimykh,,Russian,,Introduction by: Helene Zamoyska; Boris Filippov,,,,New York,Inter-Language Literary Associates,1966
36,RU,Book,Sergei Dovlatov,Nevidimaia kniga,,Russian,,,,,,Ann Arbor,Ardis,1978
37,RU,Book,Alexander Esenin-Volpin,A Leaf of Spring,,Russian; English,George Reavey,,,,,New York,Praeger,1961
38,RU,Book,Nadezhda Mandelstam,Vospominaniia,,Russian,,,,,,New York,Izdatel'stvo imeni Chekhova,1970
39,RU,Book,Nadezhda Mandelstam,Vtoraia kniga,,Russian,,,,,,Paris,YMCA-Press,1972
40,RU,Book,Nadezhda Mandelstam,Kniga tretia,,Russian,,,,,A. Rakuzin,Paris,YMCA-Press,1987
41,RU,Book,Andrei Sinyavsky,Liubimov,,Russian,,Introduction by: Boris Filippov,,,,Washington D.C.,B. Filipoff,1964
42,RU,Book,Andrei Sinyavsky,Mysli vrasplokh,,Russian,,Introduction by: Andrew Field,,,,New York,Rauzen,1966
43,RU,Book,Mikhail Bulgakov,Master i Margarita,,Russian,,Preface by: Archpriest Ioann San-Frantsisskii,,,,Paris,YMCA-Press,1967
44,RU,Book,Mikhail Bulgakov,Ivan Vasilievich. Mertvye dushi,,Russian,,,,,,Munich,TZP,1964
45,RU,Book,Mikhail Bulgakov,Sbornik rasskazov,,Russian,,,,,,New York,Izdatel'stvo imeni Chekhova,1952
46,RU,Book,Mikhail Bulgakov,Sobache serdtse,,Russian,,,,,Yuri Annenkov,Paris,YMCA-Press,1969
48,RU,Book,Bella Akhmadulina,"Oznob, Izbrannye proizvedenia",,Russian,,Introduction by: Natalia Tarasova,Natalia Tarasova,,,Frankfurt am Main,Possev,1968
49,RU,Book,Bulat Okudzhava,Proza i poeziia,4,Russian,,Introduction by: Natalia Tarasova,Natalia Tarasova,,,Frankfurt am Main,Possev,1968
50,RU,Book,Yury Trifonov,Dom na naberezhnoi,,Russian,,,,,,Ann Arbor,Ardis,1983
51,RU,Book,Anna Akhmatova,Izbrannye stikhotvoreniia,,Russian,,,,,,New York,Izdatel'stvo imeni Chekhova,1952
52,RU,Book,Aleksandr Solzhenitsyn,"Arkhipelag GULag. Opyt khudozhetvennogo issledovaniia. 1918-1956, 3 vols",,Russian,,,,,,Paris,YMCA-Press,1973-1975
53,RU,Book,Aleksandr Solzhenitsyn,Olen i shalashovka The Love-Girl and the Innocent,,Russian,,,,,,London,Flegon,1968
54,RU,Book,Aleksandr Solzhenitsyn,Avgust chetyrnadtsatogo August 1914,,Russian,,,,,,Paris,YMCA-Press,1971
55,RU,Book,Aleksandr Solzhenitsyn,V kruge pervom In the First Circle,,Russian,,,,,Yuri Annenkov,Paris,YMCA-Press,1969
56,RU,Book,Yury Dombrovsky,Khranitel drevnostei,,Russian,,,,,,Paris,YMCA-Press,1978
57,RU,Book,Yury Dombrovsky,Fakultet nenuzhnykh veshchei,,Russian,,,,,"A, Leonov",Paris,YMCA-Press,1978
58,RU,Book,Anatoly Marchenko,Moi pokazaniia,,Russian,,,,,,Paris,La Presse Libre,1969
59,RU,Book,I. Ivanov (Andrei Remezov),Est' li zhizn' na Marse?,,Russian,,,,,,Paris,Instytut Literacki,1961
60,RU,Book,Eduard Kuznetsov,Dnevniki,,Russian,,,,,,Paris,Les Éditeurs Réunis,1973
61,RU,Book,Eduard Kuznetsov,Mordovskii marafon,,Russian,,,,,,Ramat-Gan,Moskva - Ierusalim,1979
62,RU,Book,Yevgeny Popov,Veselie Rusi (Merry-Making in Old Russia),,Russian,,,,,,Ann Arbor,Ardis,1981
63,RU,Book,Semyon Lipkin,Stalingrad Vasiliia Grossmana,,Russian,,,,,,Ann Arbor,Ardis,1986
64,RU,Book,Lev Kopelev,Khranit vechno,,Russian,,,,,,Ann Arbor,Ardis,1975
65,RU,Book,Lev Kopelev,I sotvoril sebe kumira,,Russian,,,,,,Ann Arbor,Ardis,1978
66,RU,Book,Lev Kopelev,Utoli moia pechali,,Russian,,,,,,Ann Arbor,Ardis,1981
67,RU,Book,Lev Kopelev,"Vera v slovo, Vystupleniia i pislma 1962-1976 gg",,Russian,,,,,,Ann Arbor,Ardis,1977
68,RU,Book,Andrei Bitov,Pushkinskii dom,,Russian,,,,,,Ann Arbor,Ardis,1978
69,RU,Book,Fazil Iskander,Sandro iz Chegema,,Russian,,,,,,Ann Arbor,Ardis,1979
70,RU,Book,Fazil Iskander,"Sandro iz Chegema, Novye glavy",,Russian,,,,,,Ann Arbor,Ardis,1981
71,RU,Book,Vladimir Uflyand,"Teksty, 1955-1977",,Russian,,,,,,Ann Arbor,Ardis,1978
72,RU,Book,Vladimir Voinovich,"Ivankiada, ili rasskaz o vselenii pisatelia Voinovicha v novuiu kvartiru The Ivankiad, Or the Tale of the Writer Voinovichs Installation in His New Apartment",,Russian,,,,,,Ann Arbor,Ardis,1976
73,RU,Book,Vladimir Voinovich,Zhizn i neobychainye prikliucheniia soldata Ivana Chonkina. Roman-anekdot v piati chastiakh (The Life and Extraordinary Adventures of Private Ivan Chonkin. A Novel-Anecdote in Five Parts),,Russian,,,,,,Paris,YMCA-Press,1975
74,RU,Book,Vladimir Voinovich,Putem vzaimnoi perepiski (By Means of Mutual Correspondence),,Russian,,,,,Arcady,Paris,YMCA-Press,1979
75,RU,Book,Vladimir Voinovich,"Pretendent na prestol, Novye prikliucheniia soldata Ivana Chonkina (Pretender to the Throne: Further Adventures of Private Ivan Chonkin)",,Russian,,,,,,Paris,YMCA-Press,1979
76,RU,Book,Vladimir Grigoryevich Kornilov,Demobilizatsiia,,Russian,,,,,A.V. Rusak,Frankfurt am Main,Possev,1976
77,RU,Book,Vladimir Dudintsev,Ne khlebom edinym,,Russian,,,,,,Munich,TSOPE,1957
78,RU,Book,Yuli Daniel,"Stikhi iz nevoli, Samizdat Library series, No, 3",,Russian,,,,,,Amsterdam,Alexander Herzen Foundation,1971
79,RU,Book,Vladimir Sorokin,Ochered,,Russian,,,,Illustrations by: A. Gran; M. Gran,,Paris,Syntaxis,1985
80,RU,Book,Yevgeny Kropivnitsky,Pechalno ulybnutsia... Stikhi i proza,,Russian,,,Aleksandr Glezer; Maia Muravnik,,,Paris,Tret'ia volna,1977
81,RU,Book,Genrikh Sapgir,Sonety na rubashkakh,,Russian,,,,,,Paris,Tret'ia volna,1978
82,RU,Book,Andrei Amalrik,Pesy,,Russian,,,,,,Amsterdam,Alexander Herzen Foundation,1970
83,RU,Book,Bulat Okudzhava,"Bud' zdorov, shkoliar! Stikhi (opublikovannye i neopublikovannye)",,Russian,,,,,,Frankfurt am Main,Possev,1964
84,RU,Book,Nikolay Erdman,Samoubiitsa,,Russian,,,,,,Ann Arbor,Ardis,1980
85,RU,Book,Semyon Lipkin,Volia,,Russian,,,,,,Ann Arbor,Ardis,1981
86,RU,Book,Andrei Platonov,Chevengur,,Russian,,Foreword by: Michel Heller,,,Vasily Chekrygin,Paris,YMCA-Press,1972
87,RU,Book,Andrei Platonov,Kotlovan,,Russian,,Foreword by: Joseph Brodsky,,,,Ann Arbor,Ardis,1979
88,RU,Book,Andrei Platonov,Sharmanka,,Russian,,,,,,Ann Arbor,Ardis,1975
89,RU,Book,Inna Lisnyanskaya,Stikhotvoreniia Inny Lisnianskoi. Na opushke sna,,Russian,,,,,,Ann Arbor,Ardis,1984
90,RU,Book,Boris Vakhtine,Dve povesti,,Russian,,,,,,Ann Arbor,Ardis,1982
91,RU,Book,Inna Varlamova,Mnimaia zhizn',,Russian,,,,,,Ann Arbor,Ardis,1979
92,RU,Book,Semyon Lipkin,Dekada,,Russian,,,,,,New York,Chalidze Publications,1983
93,RU,Book,Yevgeny Yevtushenko,Iabloko. Novaia kniga stikhov,,Russian,,,,,,London,Flegon,196?
94,RU,Book,Yevgeny Yevtushenko,Kachka,,Russian,,,,,,London,Flegon,1966
95,RU,Book,Andrei Voznesensky,Moi liubovnyi dnevnik,,Russian,,,,,,London,Flegon,1966
96,RU,Book,Aleksandr Solzhenitsyn,V pervom krugu In the First Circle,,Russian,,,,,,London,Flegon,1968
97,RU,Book,Andrei Voznesensky,Menia pugaiut formalizmom,,Russian,,,,,,London,Flegon,1963
98,RU,Book,Andrei Amalrik,Prosushchestvuet li Sovetskii Soiuz do 1984 goda?,,Russian,,,,,,Amsterdam,Alexander Herzen Foundation,1969
99,RU,Book,Andrei Amalrik,"Stati i pisma, 1967-1970",,Russian,,,,,,Amsterdam,Alexander Herzen Foundation,1971
100,RU,Book,Aleksandr Solzhenitsyn,V kruge pervom (In the First Circle). Novel,,Russian,,,,,,New York,Harper & Row,1968
101,RU,Book,Anatoly Marchenko,Ot Tarusy do Chuny. With documents on Marchenkos trial,,Russian,,,,,,New York,Khronika,1976
102,RU,Book,Alexander Zinoviev,Ziiaiushchie vysoty Yawning Heights,,Russian,,,,,,Lausanne,L'Age d'Homme,1976
103,RU,Book,Vladimir Vysotsky,"Pesni i stikhi, Vol.1",,Russian,,,Arkady Lvov,,Mikhail Turovsky,New York,Literaturnoe zarubezh'e,1981
104,RU,Book,Vladimir Vysotsky,"Pesni i stikhi, Vol.2",,Russian,,,Arkady Lvov,,Mikhail Turovsky,New York,Literaturnoe zarubezh'e,1981
105,RU,Book,Aleksandr Solzhenitsyn,Rakovyi korpus (Cancer Ward),,Russian,,,,,,Milan,Mondadori,1968
107,RU,Book,,Pis'ma iz ssylki (1948-1957). Ariadna Efron Borisu Pasternaku. Includes 12 letters from Boris Pasternak,,Russian,,,,,Elena Fisher,Paris,YMCA-Press,1982
108,RU,Book,Aleksandr Gladkov,Vstrechi s Pasternakom,,Russian,,,,,,Paris,YMCA-Press,1973
109,RU,Book,,"Songs of the Russian Bards, Vol II",,Russian,,,,,Lev Nusberg,Paris,YMCA-Press,1977
110,RU,Book,,"Songs of the Russian Bards, Vol III",,Russian,,,,,Lev Nusberg,Paris,YMCA-Press,1977
111,RU,Book,Aleksandr Solzhenitsyn,"Odin den Ivana Denisovicha, Matrenin dvor",,Russian,,,,,,Paris,YMCA-Press,1973
112,RU,Book,,"Songs of the Russian Bards, Vol. IV",,Russian,,,,,Lev Nusberg,Paris,YMCA-Press,1978
113,RU,Book,Inna Lisnyanskaya,Dozhdi i zerkala. Stikhi,,Russian,,,,,D. Nekrasov-Geller,Paris,YMCA-Press,1983
114,RU,Book,,"Songs of the Russian Bards, Vol. I",,Russian,,,,,Lev Nusberg,Paris,YMCA-Press,1977
115,RU,Book,Olga Sedakova,"Vrata, Okna, Arki, Izbrannye stikhotvoreniia",,Russian,,,,,D. Nekrasov-Geller,Paris,YMCA-Press,1986
116,RU,Book,Aleksandr Solzhenitsyn,Nobel Lecture in Literature for 1970,,Russian,,,,,,Paris,YMCA-Press,1972
117,RU,Book,Andrei Platonov,Potaennyi Platonov. Povest i rasskazy,,Russian,,,Michel Heller,,,Paris – New York,The Third Wave,1983
118,RU,Book,Mikhail Naritsa,Nespetaia pesnia,,Russian,,,,,,Frankfurt am Main,Posev,1964
119,RU,Book,Grigory Pomerants,Neopublikovannoe. Bol’shie i malen’kie esse. Publitsistika,,Russian,,,,,A.V. Rusak,Frankfurt am Main,Posev,1972
120,RU,Book,Georgi Vladimov,Vernyi Ruslan,,Russian,,,,,Adam Rusak,Frankfurt am Main,Posev,1975
121,RU,Book,Arkady Strugatsky; Boris Strugatsky,Ulitka na sklone,,Russian,,,,,N.I. Nikolenko,Frankfurt am Main,Posev,1972
123,RU,Book,Valery Tarsis,Skazanie o sinei mukhe. Krasnoe i chernoe,,Russian,,,,,,Frankfurt am Main,Posev,1963
124,RU,Book,Fyodor Abramov,Vokrug da okolo,,Russian,,,,,,Frankfurt am Main,Posev,1963
125,RU,Book,Leonid Borodin,God chuda i pechali,,Russian,,,,Illustrations by: S.A. Zezin,S.A. Zezin,Frankfurt am Main,Posev,1981
126,RU,Book,Leonid Borodin,Povest’ strannogo vremeni. Rasskazy,,Russian,,,,,,Frankfurt am Main,Posev,1978
127,RU,Book,Leonid Borodin,Tret’ia pravda,,Russian,,,,,,Frankfurt am Main,Posev,1981
128,RU,Book,Yuri Galanskov,Stikhi i proza. Esse i zaiavleniia. Pisma iz lageria,,Russian,,,,,,Frankfurt am Main,Posev,1980
129,RU,Book,Anatoly Krasnov-Levitin,Stromaty,,Russian,,,,,,Frankfurt am Main,Posev,1972
130,RU,Book,Irina Ratushinskaya,Vne limita. Izbrannoe,,Russian,,"Foreword by: I. Gerashchenko
Afterword by: Yuri Kublanovsky",Yuri Kublanovsky,,Vadim Filimonov,Frankfurt am Main,Posev,1986
131,RU,Book,Aleksandr Solzhenitsyn,Sobranie sochinenii v 6 tt (Collected Works in 6 vols.),,Russian,,,A.N. Artemova,,Adam Rusak,Frankfurt am Main,Posev,1969-1970
132,RU,Book,Semyon Lipkin,Kartiny i golosa,,Russian,,Foreword by: Vladimir Maksimov,,,Andrzej Krauze,London,Overseas Publications Interchange,1986
133,RU,Book,Ariadna Efron,Stranitsy vospominanii,,Russian,,,,,,Paris,LEV,1979
134,RU,Book,Lydia Chukovskaya,Pamiati detstva,,Russian,,Afterword by: Efim Etkind,,,,New York,Chalidze Publications,1983
135,RU,Book,Arkady Strugatsky; Boris Strugatsky,Gadkie lebedi,,Russian,,,,,N.I. Nikolenko,Frankfurt am Main,Posev,1972
136,RU,Book,Pyotr Yakir,Detstvo v tiurme,,Russian,,,,,,London,Macmillan,1972
137,RU,Book,Bulat Okudzhava,Dva romana,,Russian,,,,,Ya. Trushnovich,Frankfurt am Main,Posev,1970
138,RU,Book,Anatoly Gladilin,Prognoz na zavtra,,Russian,,,,,,Frankfurt am Main,Posev,1972
139,RU,Book,Elena Shvarts,Tantsuiushchii David. Stikhi raznykh let,,Russian,,,,,,New York,Russica,1985
141,RU,Book,Andrei Amalrik,Nezhelannoe puteshestvie v Sibir,,Russian,,,,,,New York,Harcourt Brace Jovanovich,1970
142,RU,Book,Natalya Gorbanevskaya,Tri tetradi stikhotvorenii,,Russian,,,,Drawing by: Boris Birger,,Bremen,K-Presse,1975
143,RU,Book,Fazil Iskander,Kroliki i udavy,,Russian,,,,,,Ann Arbor,Ardis,1982
144,RU,Book,Aleksandr Solzhenitsyn,Odin Den Ivana Denisovicha,,Russian,,,,,,London,Flegon,1962
145,RU,Book,Aleksandr Solzhenitsyn,Odin Den Ivana Denisovicha,,Russian,,,,,,London,Flegon,1963
146,RU,Book,Aleksandr Solzhenitsyn,Matrenas Place Matrenin Dvor,,Russian,,,,,,London,Flegon,1965
150,RU,Book,Gennadiy Aygi,Otmechennaia zima. Sobranie stikhotvorenii v dvukh chastiakh,,Russian,,Foreword by: Pierre Emmanuel,Veronika Losskaia,,,Paris,Sintaksis,1982
151,RU,Book,Gennadiy Aygi,"Stikhi, 1954-1971",,Russian,,Introduction by: Wolfgang Kazak,Wolfgang Kazak,,,Munich,Sagner,1975
152,RU,Book,Yury Aikhenvald,Po grani ostroi. Proza i stikhi,,Russian,,,,,,Munich,Ekho,1972
153,RU,Book,Yury Aikhenvald,Visokosnyi god. Kniga stikhov i prozy,,Russian,,,,,,Munich,Ekho,1980
154,RU,Book,Yury Aikhenvald,Don Kikhot na russkoi pochve,,Russian,,,,,Boris Rabinovich,New York,Chalidze Publications,1982
155,RU,Book,Anna Akhmatova,50 stikhotvorenii,,Russian,,,,,,Paris,YMCA-Press,1963
156,RU,Book,Alexander Bek,Novoe naznachenie,,Russian,,,,,,Frankfurt am Main,Posev,1971
157,RU,Book,,"Smuta noveishego vremeni, ili Udivitel'nye pokhozhdeniia Vani Chmotanova",,Russian,,,,Drawings by: DIM,,Paris,La Presse Libre,1970
158,RU,Book,Aleksandr Solzhenitsyn,V kruge pervom (The First Circle),,Russian,,,,,,Milan,Arnoldo Mondadori Editore,1968
160,RU,Book,Anna Akhmatova,Requiem (Reekviem),,Estonian,Marie Under,"Introduction by: Alexis Rannitt
Epilogue by: François Mauriac",,,,Washington D.C.,Inter-Language Literary Associates,1967
161,RU,Book,Anna Akhmatova,Requiem (Requiems),,Latvian,Pēteris Aigars,"Introduction by: Pēteris Aigars
Epilogue by: François Mauriac",,,,Washington D.C.,Inter-Language Literary Associates,1968
163,RU,Book,Anna Akhmatova,Rekviem. 1935-1940,"2nd ed., corrected by the author",Russian,,Afterword by: Gleb Struve,,,,Munich,Tovarishchestvo zarubezhnykh pisatelei,1969
167,RU,Book,Anna Akhmatova,"Sochineniia Works, In 2 vols",,Russian,,,Gleb Struve; Boris Filippov,,,Washington D.C.,Inter-Language Literary Associates,1965
168,RU,Book,Yevgeny Zamyatin,My,,Russian,,,,,,New York,Izdatel'stvo imeni Chekhova,1952
169,RU,Book,Yevgeny Zamyatin,Povesti i rasskazy (Novellas and Short Stories),,Russian,,,,,,Munich,TSOPE,1963
170,RU,Book,Yevgeny Zamyatin,"Litsa Faces,",,Russian,,"Introduction by: Mikhail Koriakov
Afterword by: Vladimir Bondarenko",,,Nikolai Safonov,New York,Inter-Language Literary Associates,1967
171,RU,Book,Yevgeny Zamyatin,My,,Russian,,"Introduction by: Evgenia Zhiglevich
Afterword by: Vladimir Bondarenko",,,Evgenia Zhiglevich,New York,Inter-Language Literary Associates,1967
172,RU,Book,Yevgeny Zamyatin,"Sochineniia Works, 4 vols",,Russian,,,,Drawing by: Yuri Annenkov,Nikolai Safonov,Munich,Neimanis,1970-1988
173,RU,Book,Yevgeny Zamyatin,Litsa (Faces),,Russian,,,,,,New York,Izdatel'stvo imeni Chekhova,1955
174,RU,Book,Yevgeny Yevtushenko,Avtobiografiia,,Russian,,,,,,London,Flegon,1964
175,RU,Book,Andrei Sinyavsky,Fantasticheskie povesti,,Russian,,,,,,Paris,Instytut Literacki,1961
177,RU,Book,Varlam Shalamov,Kolyma Tales,,English,John Glad,,,,,New York,Norton,1980
178,RU,Book,Varlam Shalamov,Graphite,,English,John Glad,,,,,New York,Norton,1981
179,RU,Book,Anna Akhmatova,Requiem,,German,Mary von Holbeck,,,,,Munich,Possev,1964
180,RU,Book,Yevgenia Ginzburg,Journey into the Whirlwind,,English,Paul Stevenson; Max Hayward,,,,,New York,Harcourt Brace & World,1967
181,RU,Book,Lydia Chukovskaya,The Deserted House,,English,Aline B. Werth,,,,,New York,Dutton,1967
182,RU,Book,Valery Tarsis,Palana No. 7,,Russian,,,,,,Frankfurt am Main,Possev,1966
183,RU,Book,Valery Tarsis,Ward 7. An Autobiographical Novel,,English,Katya Brown,,,,,London,Collins & Harvill,1965
186,RU,Book,Valery Tarsis,"The Bluebottle, Red and Black",,English,Thomas Jones; David Alger,,,,,London,Collins & Harvill,1962
187,RU,Book,Pyotr Savitsky,Stikhi,,Russian,,Foreword by: Nikolai Otsup,,,,Munich,Baschkirzew,1960
189,RU,Book,Irina Ratushinskaya,Poems,,Russian,,Introduction by: Joseph Brodsky,,,,Ann Arbor,Hermitage,1984
190,RU,Book,Nikolay Gumilev,Neizdannyi Gumilev,,Russian,,"Introduction by: Gleb Struve
Commentary by: Gleb Struve",Gleb Struve,,,New York,Chekhov Publishing House,1952
193,RU,Book,Andrei Sakharov,"Razmyshleniia o progresse, mirnom sosushchestvovanii i intellektualnoi svobode",,Russian,,,,,,Frankfurt am Main,Posev,1968
194,RU,Book,Viktor Krivulin,Stikhi,,Russian,,Foreword by: Vasily Betaki,,,,Paris,Ritm,1981
195,RU,Book,Venedikt Yerofeyev,Glazami ekstsentika,,Russian,,Foreword by: Petr Vail; Alexander Genis,,Illustrations by: Vagrich Bakhchanian,,New York,Serebrianyi vek,1982
196,RU,Book,Osip Mandelstam,Sobranie sochinenii (Collected Works),,Russian,,Introduction by: Gleb Struve; Boris Filippov,Gleb Struve; Boris Filippov,,,New York,Chekhov Publishing House,1955
201,RU,Book,Lydia Chukovskaya,The Deserted House,,English,Aline B. Werth,Introduction by: Alexis Klimoff,,,,"Belmont, MA",Nordland,1978
203,RU,Book,Andrei Sinyavsky,Fantastic Stories,,English,Max Hayward; Manya Harari; Ronald Hingley,,,,,New York,Pantheon Books,1963
206,RU,Book,Yuli Daniel,This Is Moscow Speaking & Other Stories,,English,Stuart Hood; Harold Shukman; John Richardson,Foreword by: Max Hayward,,,,New York,Dutton,1969
207,RU,Book,Andrei Platonov,Chevengur,,English,Anthony Olcott,,,,,Ann Arbor,Ardis,1978
209,RU,Book,Andrei Platonov,Collected Works,,English,Thomas Whitney; Carl Proffer; et al.,Introduction: by Joseph Brodsky,,,,Ann Arbor,Ardis,1978
210,RU,Book,Mikhail Bulgakov,The Master and Margarita,,English,Mirra Ginsburg,,,,,New York,Grove,1967
211,RU,Book,Mikhail Bulgakov,The Master and Margarita,,English,Michael Glenny,,,,,New York,Harper & Row,1967
212,RU,Book,Mikhail Bulgakov,Black Snow: A Theatrical Novel,,English,Michael Glenny,,,,,New York,Simon and Schuster,1967
216,RU,Book,Mikhail Bulgakov,Heart of a Dog,,English,Mirra Ginsburg,,,,,New York,Grove,1968
217,RU,Book,Mikhail Bulgakov,The Heart of a Dog,,English,Michael Glenny,,,,,New York,Harcourt,1968
218,RU,Book,Venedikt Yerofeyev,Moscow to the End of the Line,,English,H.W. Tjalsma,Introduction by: Vera S. Dunham,,,,New York,Taplinger,1980
219,RU,Book,,On Trial: The Soviet State Versus Abram Tertz and Nikolai Arzhak.,,English,Max Hayward,Introduction by: Max Hayward,Max Hayward,,,New York,Harper & Row,1966
220,RU,Book,Bella Akhmadulina,Fever and Other New Poems,,English,Geoffrey Dutton; Igor Mezhakoff-Koriakin,Introduction by: Yevgeny Yevtushenko,,,,London,Peter Owen,1969
221,RU,Book,Andrei Platonov,The Foundation Pit,,English,Mirra Ginsburg,,,,,New York,Dutton,1975
222,RU,Book,Andrei Platonov,The Foundation Pit. A Bilingual Edition.,,Russian; English,Thomas Whitney,Introduction by: Joseph Brodsky,,,,Ann Arbor,Ardis,1973
223,RU,Book,Andrei Platonov,Die Baugrube,,German,Aggy Jais,,,,,Frankfurt am Main,Suhrkamp,1971
224,RU,Book,Nikolay Zabolotsky,Stikhotvoreniia,,Russian,,Introduction by: Alexis Rannit; Boris Filippov; Emmanuil Rais,Gleb Struve; Boris Filippov,,,Washington D.C.,Inter-Language Literary Associates,1965
225,RU,Book,Igor Burikhin,Moi dom slovo,,Russian,,,M. Muravnik,,,Paris,Tret'ia volna,1978
232,RU,Book,Sergei Dovlatov,The Invisible Book,,English,Katherine O'Connor; Diana L. Burgin,,,,,Ann Arbor,Ardis,1979
236,RU,Book,Andrei Sinyavsky,On Socialist Realism,,English,George Dennis,Introduction by: Czeslaw Milosz,,,,New York,Pantheon Books,1961
239,RU,Book,Mikhail Bulgakov,Master i Margarita. Neizdannye otryvki,,Russian,,,,,,Bern - Turin,Scherz Verlag - Giulio Eidaudi,1967
240,RU,Book,Andrei Sinyavsky,"Fantasticheskie povesti,",,Russian,,Introduction by: Boris Filippov,,,,Washington D.C.,Inter-Language Literary Associates,1967
241,RU,Book,Joseph Brodsky,Selected Poems,,English,George Kline,Foreword by: W.H. Auden,,,,New York,Harper & Row,1973
242,RU,Book,Andrei Sinyavsky,The Trial Begins,,English,Max Hayward,,,,,New York,Pantheon Books,1960
243,RU,Book,Andrei Platonov,The Fierce and Beautiful World. Stories by Andrei Platonov,,English,Joseph Barnes,Introduction by: Yevgeny Yevtushenko,,,,New York,Dutton,1970
244,RU,Book,Marina Tsvetaeva,Lebedinyi Stan. Stikhi 1917-1921 godov,,Russian,,Introduction by: Yuri Ivask,Gleb Struve,,,Munich,G.P. Struve,1957
246,RU,Book,Marina Tsvetaeva,"Proza,",,Russian,,Introduction by: Fedor Stepun,,,,New York,Izdatel'stvo imeni Chekhova,1953
247,RU,Book,Alexander Galich,Songs and Poems,,English,G.S. Smith,Introduction by: G.S. Smith,G.S. Smith,,,Ann Arbor,Ardis,1983
248,RU,Book,Yevgeny Yevtushenko,Selected Poems,,English,Robin Milner-Gulland; Peter Levi; S.J.,Introduction by: Robin Milner-Gulland; Peter Levi; S.J.,,,,New York,Dutton,1962
249,RU,Book,Yevgeny Yevtushenko,"Posle Stalina, Nasledniki Stalina, Babii Iar i drugie",,Russian,,,,,,Chicago,Russian Language Specialties,1962
250,RU,Book,Aleksandr Solzhenitsyn,One Day in the Life of Ivan Denisovich,,English,Max Hayward; Ronald Hingley,Introduction by: Max Hayward; Leopold Labedz,,,,New York,Praeger,1963
251,RU,Book,Aleksandr Solzhenitsyn,One Day in the Life of Ivan Denisovich,,English,Ralph Parker,Introduction by: Marvin L. Kalb,,,,New York,Dutton,1963
252,RU,Book,Joseph Brodsky,Collines et autres poèmes,,French,Jean-Jacques Marie,Foreword by: Pierre Emmanuel,,,,Paris,Éditions du Seuil,1966
255,RU,Book,Alexander Galich,Kogda ia vernus: stikhi i pesni 1972-1977,,Russian,,,,,Eduard Zelenin,Frankfurt am Main,Posev,1977
256,RU,Book,Alexander Galich,Kogda ia vernus: polnoe sobranie stikhov i pesen,,Russian,,,,,I. Zakharov-Ross,Frankfurt am Main,Posev,1981
257,RU,Book,Georgi Vladimov,"Faithful Ruslan, The Story of a Guard Dog",,English,Michael Glenny,Introduction by: Richard Adams,,,Dianne Pinkowitz,New York,Simon and Schuster,1979
258,RU,Book,Bulat Okudzhava,65 Songs. Musical arrangements,,Russian; English,Eve Shapiro,,Vladimir Frumkin,,,Ann Arbor,Ardis,1980
259,RU,Book,Fyodor Abramov,The Dodgers,,English,,,,,,London,Flegon,1963
260,RU,Book,Sofia Polyakova,Zakatnye ony dni: Tsvetaeva i Parnak,,Russian,,,,,,Ann Arbor,Ardis,1983
263,RU,Book,Fyodor Abramov,"The New Life, A Day on a Collective Farm",,English,George Reavey,Introduction by: George Reavey,,,,New York,Grove,1963
264,RU,Book,Fyodor Abramov,One Day in the New Life.,,English,David Floyd,,,,,New York,Praeger,1963
265,RU,Book,Anna Akhmatova,"Stikhi, Perepiska, Vospominaniia, Ikonografiia",,Russian,,,Ellendea Proffer,,,Ann Arbor,Ardis,1977
266,RU,Book,Nikolay Gumilev,"Sobranie sochinenii, In 4 Vols",,Russian,,,Gleb Struve; Boris Filippov,,,Washington D.C.,Victor Kamkin,1962-1968
267,RU,Book,Lydia Chukovskaya,Going Under. Novel,,English,Peter M. Weston,,,,,New York,Quadrangle: New York Times Book,1972.
268,RU,Book,Nadezhda Mandelstam,Hope Agains Hope,,English,Max Hayward,Introduction by: Clarence Brown,,,,New York,Atheneum,1970
269,RU,Book,,"Pamiati A.A Akhmatovoi. Stikhi, pis'ma, vospominaniia",,Russian,,,,,,Paris,YMCA-Press,1974
270,RU,Book,Nadezhda Mandelstam,Hope Abandoned,,English,Max Hayward,,,,,New York,Atheneum,1974
271,RU,Book,Lydia Chukovskaya,Het verlaten huis,,Dutch,Wim Hartog,,,,,Amsterdam,Arbeiderspers,1968
272,RU,Book,Dmitri Prigov,Poemogrammy,,Russian,,,,,S. Shabalin,Paris,Zhurnal A-Ya,1985
273,RU,Book,Vladimir Dudintsev,Ne khlebom edinym,,Russian,,,,,,New York,Novoe russkoe slovo,1957
274,RU,Book,Evgeny Shvarts,Memories,,Russian,,"Publication, introduction, commentary by: Lev Loseff",,,,Paris,La Presse Libre,1982
275,RU,Book,Alexander Vvedensky,Polnoe sobranie sochinenii,,Russian,,"Publication, introduction, commentary by: Mikhail Meilakh",,,,Ann Arbor,Ardis,1980
276,RU,Book,Andrei Amalrik,Involuntary Journey to Siberia,,English,Manya Harari; Max Hayward,Introduction by: Max Hayward,,,,New York,Harcourt Brace Jovanovich,1970
277,RU,Book,Andrei Amalrik,Nose! Nose? No-se! and Other Plays,,English,Daniel Weissbort,Introduction by: Daniel Weissbort,,,,New York,Harcourt Brace Jovanovich,1973
278,RU,Book,Andrei Amalrik,Will the Soviet Union Survive Until 1984?,,English,,"Preface by: Henry Kamm
Commentary by: Sidney Monas",,,,New York,Harper & Row,1970
279,RU,Book,Leonid Borodin,Rasstavanie,,Russian,,,,,,Frankfurt am Main,Posev,1984
280,RU,Book,Leonid Borodin,Partings,,English,David Floyd,,,,,San Diego,Harcourt Brace Jovanovich,1987
281,RU,Book,Leonid Borodin,The Story of a Strange Time,,English,Frank Williams,Foreword by: Frank Williams,,,,London,Collins & Harvill,1990
282,RU,Book,Leonid Borodin,The Year of Miracle and Grief,,English,,,,,,London - New York,Quartet Books,1984
283,RU,Book,Lydia Chukovskaya,Opustelyi Dom,,Russian,,,,,,Paris,Alagante,1981
284,RU,Book,Lydia Chukovskaya,To the Memory of Childhood,,English,Eliza Kellogg Klose,,,,,"Evanston, IL",Northwestern University Press,1988
285,RU,Book,Gennadiy Aygi,"Ditia i roza, Portret poeta",,Russian,,Text by: Roman Jakobson; Vitaly Amursky,,,,Paris,Nikolai Dronnikov,1990
286,RU,Book,Vladimir Dudintsev,Not by Bread Alone,,English,Edith Bone,,,,,New York,Dutton,1957
287,RU,Book,Nikolay Erdman,"Mandat, Pesa v trekh deistviiakh",,Russian,,Introduction by: Wolfgang Kazak,,,,Munich,Sagner in Kommission,1976
288,RU,Book,Nikolay Erdman,The Suicide,,English,Eileen Thalenberg; Alan Richardson,,,,,Toronto,Theatrebooks,1976
289,RU,Book,Aleksandr Gladkov,Meetings with Pasternak. A Memoir,,English,Max Hayward,Introduction and notes by: Max Hayward,Max Hayward,,,London,Collins & Harvill,1977
290,RU,Book,Natalya Gorbanevskaya,Red Square at Noon,,English,Alexander Lieven,Introduction by: Harrison E. Salisbury,,,,New York,Rinehart and Winston,1972
291,RU,Book,Natalya Gorbanevskaya,"Selected Poems, with a Transcript of her Trial and Papers Relating to her Detention in a Prison Psychiatric Hospital",,English,Daniel Weissbort,Introduction by: Daniel Weissbort,,,,Oxford,Carcanet Press,1972
292,RU,Book,Vasily Grossman,Forever Flowing,,English,Thomas Whitney,,,,,New York,Harper & Row,1972
293,RU,Book,Vasily Grossman,Life and Fate,,English,Robert Chandler,,,,,New York,Harper & Row,1985
294,RU,Book,Nikolay Gumilev,Izbrannoe,,Russian,,Introduction by: Nikolai Otsup,Nikolai Otsup,,,Paris,Librairie des Cinq Continents,1959
295,RU,Book,Nikolay Gumilev,Neizdannoe i nesobrannoe,,Russian,,Commentary by: M. Basker; Sh. Greem,M. Basker; Sh. Greem,,,Paris,YMCA-Press,1986
296,RU,Book,Nikolay Gumilev,Sobranie sochinenii v 4 tomakh,,Russian,,,Viacheslav Zavalishin,,,Regensburg,Posev,1947
297,RU,Book,Fazil Iskander,Sandro of Chegem,,English,Susan Brownsberger,,,,,New York,Vintage Books,1983
298,RU,Book,Fazil Iskander,The Gospel According to Chegem,,English,Susan Brownsberger,,,,,New York,Vintage,1984
299,RU,Book,Daniil Kharms,"Sobranie proizvedenii, 4 vols",,Russian,,,Mikhail Meilakh; Vladimir Erl,,,Bremen,K-Presse,1978-1980
300,RU,Book,Daniil Kharms,Izbrannoe,,Russian,,Introduction by: George Gibian,George Gibian,,,Würzburg,Jal-Verlag,1974
304,RU,Book,Vladimir Kazakov,Ot golovy do zvezd,,Russian,,,,,,Munich,W. Fink Verlag,1982
305,RU,Book,Vladimir Kazakov,"Moi vstrechi s Vladimirom Kazakovym: proza, stseny, istoricheskie scheny (1967-1969)",,Russian,,,,,,Munich,Hanser,1972
306,RU,Book,Vladimir Kazakov,Zhizn' prozy,,Russian,,,,,,Munich,W. Fink Verlag,1982
307,RU,Book,Nikolai Klyuev,Plach o Esenine,,Russian,,Foreword by: Roman Gul,,,,New York,Most,1954
308,RU,Book,Nikolai Klyuev,"Sochineniia, 2 vols",,Russian,,,Gleb Struve; Boris Filippov,,,Munich,Neimanis,1969
309,RU,Book,Nikolai Klyuev,Poems,,English,John Glad,,,,,Ann Arbor,Ardis,1977
310,RU,Book,Vladimir Grigoryevich Kornilov,"Kamenshchik, kamenshchik..",,Russian,,,,,,Frankfurt am Main,Posev,1980
311,RU,Book,Vladimir Grigoryevich Kornilov,Building a Prison,,English,Edward Dale,,,,,London - New York,Quartet Books,1984
312,RU,Book,Anatoly Krasnov-Levitin,Dialog s tserkovnoi Rossiei,,Russian,,Foreword by: Archpriest Ioann-Sanfrantsisskii,,,,Paris,Ikhtys,1967
313,RU,Book,Eduard Kuznetsov,Prison Diaries,,English,Howard Spier,Introduction by: Leonard Schapiro,,,,London,Vallentine Mitchell,1975
314,RU,Book,Yuri Kublanovsky,Izbrannoe,,Russian,,,,,,Ann Arbor,Ardis,1981
315,RU,Book,Anatoly Kuznetsov,Babii Yar. Roman-dokument,,Russian,,,,,,Frankfurt am Main,Posev,1970
316,RU,Book,Semyon Lipkin,Kochevoi ogon,,Russian,,,,,,Ann Arbor,Ardis,1984
317,RU,Book,Vladimir Maksimov,Karantin,,Russian,,,,,,Frankfurt am Main,Posev,1973
318,RU,Book,Vladimir Maksimov,7 dnei tvoreniia,,Russian,,,,,,Frankfurt am Main,Posev,1971
319,RU,Book,Anatoly Marchenko,From Tarusa to Siberia,,English,,Introduction by: Joshua Rubinstein,Joshua Rubinstein,,,"Royal Oak, MI",Strathcona,1980
320,RU,Book,Anatoly Marchenko,My Testimony,,English,Michael Scammell,,,,,New York,Dutton,1969
321,RU,Book,Anatoly Marchenko,To Live Like Everyone,,English,Paul Goldberg,,,,,New York,Holt,1989
322,RU,Book,Anatoly Marchenko,Moi pokazaniia,,Russian,,,,,A. Rusak,Frankfurt am Main,Posev,1969
323,RU,Book,Varlam Shalamov,Artikel 58: Die Aufzeichungen des Häftlings Schalanow,,German,Gizela Drohla,,,,,Cologne,Friedrich Middelhauve,1967
324,RU,Book,Varlam Shalamov,Article 58: mémoires du prisonnier Chalamov,,French,,,,,,Paris,Gallimard,1969
325,RU,Book,Varlam Shalamov,Artikel 58: ‘N Ooggetuie Verslag oor die Bannenlinge in ‘n Siberiese Strafkamp,,Afrikaans,Johannes van der Merwe,,,,,Kaapstad,Tafelberg-uit-gewers,1967
326,RU,Book,Varlam Shalamov,Artikel 58: De aantekeningen van de gevangene Schalanow,,Dutch,,,,,,Brussels,D.A.P. Reinaert uitgaven,1973
327,RU,Book,Varlam Shalamov,Récits de Kolyma,,French,Olivier Simon (Jean-Jacques Marie); Katia Kerel,,,,,Paris,Denoël,1969
328,RU,Book,Boris Pilnyak,Krasnoe derevo,,Russian,,,,,,Berlin,Petropolis,1929
329,RU,Book,Boris Pilnyak,Krasnoe derevo,,Russian,,,,,,Ann Arbor,Ardis,197?
332,RU,Book,Mikhail Bulgakov,Il Maestro e Margherita,,Italian,Vera Dridso,,,,,Turino,Einaudi,1967
333,RU,Book,Zhores Medvedev; Roy Medvedev,Kto sumasshedshii?,,Russian,,,,,,London,Macmillan,1971
334,RU,Book,Zhores Medvedev,"Mezhdunarodnoe sotrudnichestvo uchenykh i natsionalnye granitsy, Taina perepiski okhraniatsia zakonov",,Russian,,,,,,London,Macmillan,1972
335,RU,Book,Evgeny Kushev,Ogryzkom karandasha. Stikhi i proza,,Russian,,,,,N. Nikolenko,Frankfurt am Main,Posev,1971
336,RU,Book,Ekaterina Olitskaia,"Moi vospominaniia, 2 vols",,Russian,,,,,,Frankfurt am Main,Posev,1971
337,RU,Book,Yevgenia Ginzburg,"Krutoi marshrut, 2 vols",,Russian,,Foreword by: Vasily Aksenov,,,Vagrich Bakhchanian,New York,Possev-USA,1985
338,RU,Book,Yevgenia Ginzburg,Viaggio Nella Vertigine,,Italian,,,,,,Milan,Mondadori,1967
339,RU,Book,Yevgenia Ginzburg,Within the Whirlwind,,English,Ian Boland,Introduction by: Heinrich Böll,,,,New York,Harcourt Brace Jovanovich,1981